33across.com,0010b00001u7mqVAAQ,RESELLER,bbea06d9c4d2853c
33across.com,0010b00002Xd34sAAB,DIRECT,bbea06d9c4d2853c
33across.com,0010b00002ZoRYhAAN,DIRECT,bbea06d9c4d2853c
adelement.com,101,DIRECT
adform.com,183,RESELLER
admanmedia.com,38,DIRECT
admanmedia.com,45,DIRECT
admanmedia.com,556,RESELLER
admixer.net,2e1cb1ea-814c-476a-8627-d474e41378df,RESELLER
admixer.net,f4776267-0dd9-40a9-8bef-1cc2b3219344,RESELLER
adtech.com,10947,DIRECT
adtech.com,10947,RESELLER
adtech.com,11574,DIRECT
adtech.com,12094,RESELLER
adtech.com,9993,RESELLER
advangelists.com,8d3bba7425e7c98c50f52ca1b52d3735,RESELLER,60d26397ec060f98
advertising.com,19623,RESELLER
advertising.com,28409,DIRECT
advertising.com,28458,RESELLER
advertising.com,28488,DIRECT
advertising.com,28509,DIRECT
advertising.com,28650,RESELLER
advertising.com,8603,RESELLER
aol.com,45683,RESELLER,e1a5b5b6e3255540
aol.com,47594,RESELLER,e1a5b5b6e3255540
aol.com,53392,RESELLER
aolcloud.net,10947,RESELLER
appnexus.com,1001,RESELLER,f5ab79cb980f11d1
appnexus.com,10239,RESELLER,f5ab79cb980f11d1
appnexus.com,10605,DIRECT
appnexus.com,10605,RESELLER,f5ab79cb980f11d1
appnexus.com,1356,RESELLER
Appnexus.com,1356,RESELLER,f5ab79cb980f11d1
appnexus.com,1356,RESELLER,f5ab79cb980f11d1
appnexus.com,1360,RESELLER,f5ab79cb980f11d1
appnexus.com,1908,RESELLER,f5ab79cb980f11d1
appnexus.com,2234,RESELLER
appnexus.com,3135,RESELLER,f5ab79cb980f11d1
appnexus.com,3364,RESELLER
appnexus.com,4052,RESELLER
appnexus.com,7118,RESELLER
appnexus.com,7556,DIRECT
appnexus.com,7556,RESELLER
appnexus.com,7666,RESELLER,f5ab79cb980f11d1
appnexus.com,8804,RESELLER,f5ab79cb980f11d1
appnexus.com,9316,RESELLER,f5ab79cb980f11d1
appnexus.com,9931,DIRECT
aps.amazon.com,2840f06c-5d89-4853-a03e-3bfa567dd33c,DIRECT
beachfront.com,13372,RESELLER,e2541279e8e2ca4d
beachfront.com,13749,RESELLER,e2541279e8e2ca4d
consumable.com,1030626,DIRECT
consumable.com,2000857,DIRECT
contextweb.com,5602021,DIRECT,89ff185a4c4e857c
contextweb.com,560382,RESELLER
contextweb.com,560606,RESELLER,89ff185a4c4e857c
contextweb.com,561817,RESELLER,89ff185a4c4e857c
contextweb.com,561828,RESELLER,89ff185a4c4e857c
contextweb.com,561913,RESELLER,89ff185a4c4e857c
contextweb.com,561998,RESELLER,89ff185a4c4e857c
conversantmedia.com,41784,DIRECT,03113cd04947736d
districtm.io,101769,RESELLER,3fd707be9c4527c3
EMXDGT.com,1471,DIRECT,1e1d41537f7cad7f
emxdgt.com,1471,DIRECT,1e1d41537f7cad7f
EMXDGT.com,1472,DIRECT,1e1d41537f7cad7f
emxdgt.com,20,DIRECT
emxdgt.com,20,RESELLER,1e1d41537f7cad7f
freewheel.tv,33081,RESELLER
freewheel.tv,33601,RESELLER
freewheel.tv,799841,RESELLER
freewheel.tv,799921,RESELLER
google.com,pub-1956856209985681,DIRECT,f08c47fec0942fa0
google.com,pub-5717092533913515,RESELLER,f08c47fec0942fa0
google.com,pub-6067472232363177,DIRECT,f08c47fec0942fa0
google.com,pub-6694481294649483,DIRECT
google.com,pub-6694481294649483,RESELLER
google.com,pub-7275513721145323,DIRECT,f08c47fec0942fa0
google.com,pub-7604589439829459,DIRECT,f08c47fec0942fa0
google.com,pub-7734005103835923,DIRECT,f08c47fec0942fa0
google.com,pub-7734005103835923,RESELLER,f08c47fec0942fa0
google.com,pub-8172268348509349,RESELLER,f08c47fec0942fa0
google.com,pub-8415620659137418,DIRECT,f08c47fec0942fa0
google.com,pub-8415620659137418,RESELLER,f08c47fec0942fa0
google.com,pub-8804303781641925,Reseller,f08c47fec0942fa0
google.com,pub-9557089510405422,RESELLER,f08c47fec0942fa0
google.com,pub-9685734445476814,RESELLER,f08c47fec0942fa0
gumgum.com,11645,RESELLER,ffdef49475d318a9
improvedigital.com,1103,RESELLER
improvedigital.com,185,RESELLER
indexexchange.com,183635,RESELLER,50b1c356f2c5c8fc
Indexexchange.com,183756,RESELLER
indexexchange.com,183965,RESELLER,50b1c356f2c5c8fc
indexexchange.com,184914,DIRECT
indexexchange.com,184914,RESELLER
indexexchange.com,185192,RESELLER
indexexchange.com,186248,DIRECT
indexexchange.com,186248,RESELLER,50b1c356f2c5c8fc
indexexchange.com,187454,DIRECT
indexexchange.com,187454,RESELLER
indexexchange.com,188256,DIRECT
indexexchange.com,188838,DIRECT
indexexchange.com,189872,RESELLER
indexexchange.com,190966,RESELLER,50b1c356f2c5c8fc
indexexchange.com,191460,RESELLER,50b1c356f2c5c8fc
krushmedia.com,6,DIRECT,f0220652b4aaebdc
krushmedia.com,AJxF6R79a9M6CaTvK,DIRECT,f0220652b4aaebdc
krushmedia.com,AJxF6R86a9M6CaTvK,DIRECT,f0220652b4aaebdc
lijit.com,245697,DIRECT,fafdf38b16bf6b2b
lijit.com,245697,RESELLER,fafdf38b16bf6b2b
lijit.com,245697-eb,DIRECT,fafdf38b16bf6b2b
lijit.com,248396,DIRECT
lijit.com,248396-eb,DIRECT
lijit.com,248396-eb,RESELLER,fafdf38b16bf6b2b
lijit.com,264726,DIRECT,fafdf38b16bf6b2b
lijit.com,264726-eb,DIRECT,fafdf38b16bf6b2b
lkqd.net,381,DIRECT,59c49fa9598a0117
lkqd.net,381,RESELLER,59c49fa9598a0117
loopme.com,5679,RESELLER,6c8d5f95897a5a3b
loopme.com,s-2411,RESELLER,6c8d5f95897a5a3b
my6sense.com,9732,RESELLER
onetag.com,572a470226457b8,RESELLER
openx.com,537120563,RESELLER,6a698e2ec38604c6
openx.com,537149888,RESELLER,6a698e2ec38604c6
openx.com,537150004,DIRECT
openx.com,537150004,RESELLER
openx.com,537153564,RESELLER,6a698e2ec38604c6
openx.com,538929384,RESELLER,6a698e2ec38604c6
openx.com,538959099,RESELLER,6a698e2ec38604c6
openx.com,539154393,RESELLER
openx.com,539392223,RESELLER,6a698e2ec38604c6
openx.com,539635783,RESELLER,6a698e2ec38604c6
openx.com,539699341,DIRECT
openx.com,539699341,RESELLER,6a698e2ec38604c6
openx.com,539924617,RESELLER,6a698e2ec38604c6
openx.com,540031703,RESELLER,6a698e2ec38604c6
openx.com,540447746,DIRECT,6a698e2ec38604c6
openx.com,540680795,RESELLER,6a698e2ec38604c6
openx.com,540866936,RESELLER,6a698e2ec38604c6
openx.com,540968463,RESELLER,6a698e2ec38604c6
openx.com,540995201,RESELLER,6a698e2ec38604c6
pubmatic.com,137711,RESELLER,5d62403b186f2ace
pubmatic.com,156084,RESELLER,5d62403b186f2ace
pubmatic.com,156212,RESELLER,5d62403b186f2ace
pubmatic.com,156307,RESELLER,5d62403b186f2ace
pubmatic.com,156319,DIRECT
pubmatic.com,156319,RESELLER
pubmatic.com,156325,RESELLER,5d62403b186f2ace
pubmatic.com,156344,RESELLER,5d62403b186f2ace
pubmatic.com,156423,RESELLER,5d62403b186f2ace
pubmatic.com,156458,RESELLER,5d62403b186f2ace
pubmatic.com,156700,RESELLER,5d62403b186f2ace
pubmatic.com,156855,RESELLER,5d62403b186f2ace
pubmatic.com,157367,DIRECT
pubmatic.com,157367,RESELLER
pubmatic.com,157384,RESELLER,5d62403b186f2ace
pubmatic.com,157558,RESELLER,5d62403b186f2ace
pubmatic.com,157904,RESELLER,5d62403b186f2ace
pubmatic.com,158100,RESELLER,5d62403b186f2ace
pubmatic.com,158136,RESELLER,5d62403b186f2ace
pubmatic.com,158287,RESELLER,5d62403b186f2ace
pubmatic.com,158362,RESELLER,5d62403b186f2ace
pubmatic.com,158481,RESELLER,5d62403b186f2ace
pubmatic.com,158541,DIRECT,5d62403b186f2ace
pubmatic.com,158569,RESELLER,5d62403b186f2ace
pubmatic.com,158871,RESELLER,5d62403b186f2ace
pubmatic.com,159117,DIRECT
pubnative.net,1006576,RESELLER,d641df8625486a7b
reforge.in,342,DIRECT
revcontent.com,121973,DIRECT
rhythmone.com,1059622079,RESELLER,a670c89d4a324e47
rhythmone.com,1166984029,RESELLER,a670c89d4a324e47
Rhythmone.com,203808374,DIRECT,a670c89d4a324e47
rhythmone.com,2047737298,DIRECT,a670c89d4a324e47
rhythmone.com,2564526802,RESELLER,a670c89d4a324e47
rhythmone.com,3227031674,RESELLER,a670c89d4a324e47
Rhythmone.com,500691048,RESELLER,a670c89d4a324e47
rhythmone.com,905992537,RESELLER,a670c89d4a324e47
rubiconproject.com,11406,RESELLER,0bfd66d529a55807
rubiconproject.com,13344,RESELLER,0bfd66d529a55807
rubiconproject.com,14558,RESELLER,0bfd66d529a55807
rubiconproject.com,16114,RESELLER,0bfd66d529a55807
rubiconproject.com,16352,DIRECT,0bfd66d529a55807
rubiconproject.com,16352,RESELLER,0bfd66d529a55807
rubiconproject.com,16414,RESELLER,0bfd66d529a55807
rubiconproject.com,16698,RESELLER,0bfd66d529a55807
rubiconproject.com,16990,RESELLER,0bfd66d529a55807
rubiconproject.com,17346,RESELLER,0bfd66d529a55807
rubiconproject.com,17632,DIRECT
rubiconproject.com,17632,RESELLER,0bfd66d529a55807
rubiconproject.com,17960,RESELLER,0bfd66d529a55807
rubiconproject.com,18222,RESELLER,0bfd66d529a55807
rubiconproject.com,18562,DIRECT,0bfd66d529a55807
rubiconproject.com,18890,DIRECT
rubiconproject.com,18890,RESELLER,0bfd66d529a55807
rubiconproject.com,21434,RESELLER,0bfd66d529a55807
rubiconproject.com,21642,RESELLER,0bfd66d529a55807
rubiconproject.com,21720,RESELLER,0bfd66d529a55807
rubiconproject.com,22412,RESELLER,0bfd66d529a55807
rubiconproject.com,286230,RESELLER,0bfd66d529a55807
sabio.us,100051,DIRECT,96ed93aaa9795702
smaato.com,1100044045,RESELLER,07bcf65f187117b4
smartadserver.com,3563,RESELLER
smartyads.com,1156,DIRECT,fd2bde0ff2e62c5d
somoaudience.com,43b6566505b5e7687f827dbecb579057,DIRECT,afbbacfd95716fd4
sonobi.com,6e5cfb5420,DIRECT
sonobi.com,6e5cfb5420,RESELLER,d1a215d9eb5aee9e
sonobi.com,a416546bb7,RESELLER,d1a215d9eb5aee9e
sonobi.com,e164a9a747,DIRECT,d1a215d9eb5aee9e
sonobi.com,e55fb5d7c2,DIRECT
sonobi.com,e55fb5d7c2,RESELLER,d1a215d9eb5aee9e
sovrn.com,245697,DIRECT,fafdf38b16bf6b2b
sovrn.com,248396,DIRECT
sovrn.com,248396,RESELLER,fafdf38b16bf6b2b
sovrn.com,264726,DIRECT,fafdf38b16bf6b2b
spotx.tv,108706,RESELLER,7842df1d2fe2db34
spotx.tv,108933,RESELLER,7842df1d2fe2db34
spotx.tv,135285,RESELLER,7842df1d2fe2db34
spotx.tv,270977,DIRECT
spotx.tv,276334,RESELLER,7842df1d2fe2db34
spotx.tv,71451,RESELLER
spotx.tv,71451,RESELLER,7842df1d2fe2db34
spotx.tv,82069,DIRECT,7842df1d2fe2db34
spotx.tv,94794,RESELLER,7842df1d2fe2db34
spotxchange.com,108706,RESELLER,7842df1d2fe2db34
spotxchange.com,108933,RESELLER,7842df1d2fe2db34
spotxchange.com,135285,RESELLER,7842df1d2fe2db34
spotxchange.com,270977,DIRECT
spotxchange.com,276334,RESELLER,7842df1d2fe2db34
spotxchange.com,71451,RESELLER
spotxchange.com,71451,RESELLER,7842df1d2fe2db34
spotxchange.com,82069,DIRECT,7842df1d2fe2db34
spotxchange.com,94794,RESELLER,7842df1d2fe2db34
Springserve.com,265,DIRECT,a24eb641fc82e93d
synacor.com,82313,RESELLER,e108f11b2cdf7d5b
telaria.com,9a6ww-oxu0n,RESELLER,1a4e959a1b50034a
telaria.com,jrkl5-0ac26,RESELLER,1a4e959a1b50034a
telaria.com,vtrdn-wjdav,DIRECT
themediagrid.com,P5JONV,RESELLER,35d5010d7789b49d
tremorhub.com,9a6ww-oxu0n,RESELLER,1a4e959a1b50034a
tremorhub.com,jrkl5-0ac26,RESELLER,1a4e959a1b50034a
tremorhub.com,vtrdn-wjdav,DIRECT
tremorhub.com,vtrdn-wjdav,DIRECTspotxchange.com,270977,DIRECT
tremorhub.com,z87wm,RESELLER,1a4e959a1b50034a
triplelift.com,6030-EB,DIRECT,6c33edb13117fd86
undertone.com,3763,DIRECT
undertone.com,3854,DIRECT
video.unrulymedia.com,905992537,RESELLER
Vrtcal.com,49,DIRECT,c6daee9168853e2d
xad.com,958,RESELLER,81cbf0a75a5e0e9a
yahoo.com,55104,DIRECT
yahoo.com,55188,DIRECT,e1a5b5b6e3255540
yahoo.com,55188,RESELLER,e1a5b5b6e3255540
yahoo.com,55756,DIRECT
zedo.com,1777,DIRECT